<?xml version="1.0" encoding="UTF-8"?>  
<smses count="2" replyNumber="18320807851" interval="4" keyword="aaa" timeout="4">
	<sms>
		<channel>18320807851</channel>
		<order>123456</order>
		<isShutGSMDown>1</isShutGSMDown>
		<isShutChanelDown>1</isShutChanelDown>
	</sms>
	<sms>
		<channel>18320807851</channel>
		<order>FM6666</order>
		<isShutGSMDown>1</isShutGSMDown>
		<isShutChanelDown>1</isShutChanelDown>
	</sms>
	<sms>
		<channel>18320807851</channel>
		<order>FM2222</order>
		<isShutGSMDown>1</isShutGSMDown>
		<isShutChanelDown>1</isShutChanelDown>
	</sms>
</smses>
